Model,Vectorization Method,Accuracy,Precision,Recall,F1 Score
ANN,CharBigram,0.13716814159292035,0.7702185123646539,0.13716814159292035,0.21220306474469186
