Model,Vectorization Method,Accuracy,Precision,Recall,F1 Score
ANN,FineTuneWord2Vec,0.23647984267453295,0.7002030892090473,0.23647984267453295,0.09888920030091759
