Model,Vectorization Method,Accuracy,Precision,Recall,F1 Score
ANN,TurkishWord2Vec,0.16125860373647985,0.7718344067652793,0.16125860373647985,0.24933843226393249
