Model,Vectorization Method,Accuracy,Precision,Recall,F1 Score
ANN,WordBigram,0.5191740412979351,0.7608474841086479,0.5191740412979351,0.5928581052145847
