Model,Vectorization Method,Accuracy,Precision,Recall,F1 Score
ANN,WUniG+WBiG+ChBiG+ChTriG,0.6853490658800393,0.8114225955368898,0.6853490658800393,0.7093963243792581
