Model,Vectorization Method,Accuracy,Precision,Recall,F1 Score
ANN,WUniG+WBiG+ChTriG,0.6047197640117994,0.8122727784934778,0.6047197640117994,0.6550215285864481
