Model,Vectorization Method,Accuracy,Precision,Recall,F1 Score
ANN,CharBigram,0.48596438273468157,0.6574622402033771,0.48596438273468157,0.5107119369119437
