Model,Vectorization Method,Accuracy,Precision,Recall,F1 Score
ANN,WordBigram,0.6082100814971325,0.7453704872626024,0.6082100814971325,0.6309980918245155
