Model,Vectorization Method,Accuracy,Precision,Recall,F1 Score
ANN,WUniG+WBiG+ChBiG+ChTriG,0.7370962873528524,0.7572396067918874,0.7370962873528524,0.7400703113351794
