Model,Vectorization Method,Accuracy,Precision,Recall,F1 Score
ANN,WUniG+WBiG+ChTriG,0.4983398732266828,0.7187879207131624,0.4983398732266828,0.5263481447490863
